timestamp,username,source_ip
Apr 14 00:28:06,admin,142.146.24.37
Apr 14 00:28:09,test,142.146.24.37
Apr 14 00:28:11,root,142.146.24.37
Apr 14 00:28:14,test,142.146.24.37
Apr 14 00:29:04,ubuntu,142.146.24.37
Apr 14 00:29:07,root,142.146.24.37
Apr 14 00:29:08,ubuntu,142.146.24.37
Apr 14 00:29:10,admin,142.146.24.37
Apr 14 00:29:13,admin,142.146.24.37
Apr 14 00:29:14,admin,142.146.24.37
Apr 14 00:29:54,root,5.188.206.22
Apr 14 00:39:21,nagios,78.128.113.66
Apr 14 00:42:43,ubuntu,142.146.24.37
Apr 14 00:42:45,admin,142.146.24.37
Apr 14 00:42:48,ubuntu,142.146.24.37
Apr 14 00:42:51,test,142.146.24.37
Apr 14 00:42:52,test,142.146.24.37
Apr 14 00:42:53,admin,142.146.24.37
Apr 14 00:42:56,test,142.146.24.37
Apr 14 00:42:58,test,142.146.24.37
Apr 14 01:07:55,admin,91.205.189.15
Apr 14 01:17:51,root,103.99.0.118
Apr 14 01:19:33,test,142.146.24.37
Apr 14 01:19:36,test,142.146.24.37
Apr 14 01:19:39,admin,142.146.24.37
Apr 14 01:19:42,ubuntu,142.146.24.37
Apr 14 01:19:44,root,142.146.24.37
Apr 14 01:19:46,root,142.146.24.37
Apr 14 01:19:49,admin,142.146.24.37
Apr 14 01:19:52,root,142.146.24.37
Apr 14 01:19:53,ubuntu,142.146.24.37
Apr 14 01:21:47,apache,112.85.42.88
Apr 14 01:23:35,test,142.146.24.37
Apr 14 01:25:13,root,61.177.172.140
Apr 14 01:25:14,admin,61.177.172.140
Apr 14 01:25:16,admin,61.177.172.140
Apr 14 01:25:18,admin,61.177.172.140
Apr 14 01:25:20,root,61.177.172.140
Apr 14 01:25:23,root,61.177.172.140
Apr 14 01:25:24,admin,61.177.172.140
Apr 14 01:25:25,user,61.177.172.140
Apr 14 01:25:27,root,61.177.172.140
Apr 14 01:28:35,root,83.82.134.124
Apr 14 01:28:36,root,83.82.134.124
Apr 14 01:28:39,root,83.82.134.124
Apr 14 01:28:40,root,83.82.134.124
Apr 14 01:28:43,root,83.82.134.124
Apr 14 02:08:43,ubuntu,142.146.24.37
Apr 14 02:08:57,ec2-user,192.241.218.198
Apr 14 02:08:58,ubuntu,192.241.218.198
Apr 14 02:08:59,ubuntu,192.241.218.198
Apr 14 02:09:02,ec2-user,192.241.218.198
Apr 14 02:09:05,ec2-user,192.241.218.198
Apr 14 02:10:20,admin,61.177.172.140
Apr 14 02:10:21,guest,61.177.172.140
Apr 14 02:10:24,guest,61.177.172.140
Apr 14 02:10:26,user,61.177.172.140
Apr 14 02:10:27,root,61.177.172.140
Apr 14 02:10:29,root,61.177.172.140
Apr 14 02:10:30,guest,61.177.172.140
Apr 14 02:12:04,root,89.248.165.52
Apr 14 02:12:05,support,89.248.165.52
Apr 14 02:12:07,root,89.248.165.52
Apr 14 02:12:10,root,89.248.165.52
Apr 14 02:12:13,support,89.248.165.52
Apr 14 02:12:14,root,89.248.165.52
Apr 14 02:12:15,support,89.248.165.52
Apr 14 02:15:28,user,61.177.172.140
Apr 14 02:16:47,root,218.92.0.107
Apr 14 02:16:49,root,218.92.0.107
Apr 14 02:16:51,admin,218.92.0.107
Apr 14 02:16:54,test,218.92.0.107
Apr 14 02:16:56,root,218.92.0.107
Apr 14 02:17:34,ubuntu,192.241.218.198
Apr 14 02:18:44,root,112.85.42.88
Apr 14 02:22:18,ubuntu,194.26.29.110
Apr 14 02:26:04,apache,112.85.42.88
Apr 14 02:26:47,root,5.188.206.22
Apr 14 02:29:10,test,142.146.24.37
Apr 14 02:32:33,root,218.92.0.107
Apr 14 02:34:59,root,192.241.218.198
Apr 14 02:35:35,root,61.177.172.140
Apr 14 02:35:38,user,61.177.172.140
Apr 14 02:35:39,user,61.177.172.140
Apr 14 02:35:42,guest,61.177.172.140
Apr 14 02:35:44,user,61.177.172.140
Apr 14 02:35:46,admin,61.177.172.140
Apr 14 02:35:48,guest,61.177.172.140
Apr 14 02:35:51,guest,61.177.172.140
Apr 14 02:48:25,root,45.33.32.156
Apr 14 02:50:00,deploy,91.205.189.15
Apr 14 02:50:02,jenkins,91.205.189.15
Apr 14 02:50:05,root,91.205.189.15
Apr 14 02:50:08,jenkins,91.205.189.15
Apr 14 02:50:10,deploy,91.205.189.15
Apr 14 02:50:12,admin,91.205.189.15
Apr 14 02:50:14,jenkins,91.205.189.15
Apr 14 02:50:17,jenkins,91.205.189.15
Apr 14 02:50:19,admin,91.205.189.15
Apr 14 02:53:11,root,89.248.165.52
Apr 14 02:53:13,support,89.248.165.52
Apr 14 02:53:15,support,89.248.165.52
Apr 14 02:53:17,root,89.248.165.52
Apr 14 02:53:19,root,89.248.165.52
Apr 14 02:53:22,root,89.248.165.52
Apr 14 02:53:58,admin,142.146.24.37
Apr 14 02:56:49,root,91.205.189.15
Apr 14 03:40:27,admin,45.33.32.156
Apr 14 03:40:29,admin,45.33.32.156
Apr 14 03:40:31,admin,45.33.32.156
Apr 14 03:40:32,admin,45.33.32.156
Apr 14 03:40:35,admin,45.33.32.156
Apr 14 03:40:38,admin,45.33.32.156
Apr 14 03:40:39,admin,45.33.32.156
Apr 14 03:40:41,admin,45.33.32.156
Apr 14 03:40:43,root,45.33.32.156
Apr 14 03:42:30,administrator,83.82.134.124
Apr 14 03:42:45,admin,91.205.189.15
Apr 14 03:44:29,guest,61.177.172.140
Apr 14 03:45:41,nagios,78.128.113.66
Apr 14 03:46:25,admin,142.146.24.37
Apr 14 04:02:08,root,83.82.134.124
Apr 14 04:02:11,root,83.82.134.124
Apr 14 04:02:13,root,83.82.134.124
Apr 14 04:02:15,administrator,83.82.134.124
Apr 14 04:02:16,root,83.82.134.124
Apr 14 04:03:22,test,142.146.24.37
Apr 14 04:03:46,ftpuser,103.99.0.118
Apr 14 04:03:48,mysql,103.99.0.118
Apr 14 04:03:49,mysql,103.99.0.118
Apr 14 04:03:51,ftpuser,103.99.0.118
Apr 14 04:03:53,ftpuser,103.99.0.118
Apr 14 04:03:56,mysql,103.99.0.118
Apr 14 04:03:57,mysql,103.99.0.118
Apr 14 04:03:58,root,103.99.0.118
Apr 14 04:03:59,root,103.99.0.118
Apr 14 04:33:17,guest,61.177.172.140
Apr 14 04:35:23,ubuntu,192.241.218.198
Apr 14 04:35:25,ec2-user,192.241.218.198
Apr 14 04:35:27,ubuntu,192.241.218.198
Apr 14 04:35:29,ec2-user,192.241.218.198
Apr 14 04:35:32,ec2-user,192.241.218.198
Apr 14 04:35:35,root,192.241.218.198
Apr 14 04:35:37,ec2-user,192.241.218.198
Apr 14 04:35:38,ec2-user,192.241.218.198
Apr 14 04:35:41,root,192.241.218.198
Apr 14 04:53:06,ec2-user,192.241.218.198
Apr 14 04:53:08,ubuntu,192.241.218.198
Apr 14 04:53:09,ubuntu,192.241.218.198
Apr 14 04:53:11,ec2-user,192.241.218.198
Apr 14 04:53:14,root,192.241.218.198
Apr 14 04:53:51,admin,78.128.113.66
Apr 14 04:56:17,admin,45.33.32.156
Apr 14 04:56:20,root,45.33.32.156
Apr 14 04:56:23,admin,45.33.32.156
Apr 14 04:56:26,root,45.33.32.156
Apr 14 04:56:29,root,45.33.32.156
Apr 14 04:59:57,www,112.85.42.88
Apr 14 05:25:51,ec2-user,192.241.218.198
Apr 14 05:26:57,mysql,103.99.0.118
Apr 14 05:27:00,root,103.99.0.118
Apr 14 05:27:02,root,103.99.0.118
Apr 14 05:27:05,ftpuser,103.99.0.118
Apr 14 05:33:04,admin,162.142.125.10
Apr 14 05:33:06,admin,162.142.125.10
Apr 14 05:33:08,root,162.142.125.10
Apr 14 05:33:11,admin,162.142.125.10
Apr 14 05:57:45,guest,61.177.172.140
Apr 14 05:59:03,root,83.82.134.124
Apr 14 05:59:05,administrator,83.82.134.124
Apr 14 05:59:07,root,83.82.134.124
Apr 14 05:59:10,administrator,83.82.134.124
Apr 14 05:59:12,root,83.82.134.124
Apr 14 05:59:49,user,61.177.172.140
Apr 14 06:00:03,administrator,83.82.134.124
Apr 14 06:02:35,deploy,91.205.189.15
Apr 14 06:04:04,root,142.146.24.37
Apr 14 06:08:52,root,83.82.134.124
Apr 14 06:09:02,deploy,91.205.189.15
Apr 14 06:10:18,admin,45.33.32.156
Apr 14 06:10:20,admin,45.33.32.156
Apr 14 06:10:23,admin,45.33.32.156
Apr 14 06:10:24,root,45.33.32.156
Apr 14 06:15:06,oracle,185.220.101.44
Apr 14 06:44:11,root,5.188.206.22
Apr 14 06:44:13,root,5.188.206.22
Apr 14 06:44:16,root,5.188.206.22
Apr 14 06:47:00,admin,61.177.172.140
Apr 14 06:47:03,user,61.177.172.140
Apr 14 06:47:04,guest,61.177.172.140
Apr 14 06:47:05,guest,61.177.172.140
Apr 14 06:47:07,guest,61.177.172.140
Apr 14 06:47:08,root,61.177.172.140
Apr 14 06:48:11,root,142.146.24.37
Apr 14 06:48:14,admin,142.146.24.37
Apr 14 06:48:17,admin,142.146.24.37
Apr 14 06:48:18,ubuntu,142.146.24.37
Apr 14 06:56:59,root,142.146.24.37
Apr 14 07:14:22,test,142.146.24.37
Apr 14 07:15:24,root,194.26.29.110
Apr 14 07:16:35,root,192.241.218.198
Apr 14 07:21:10,root,192.241.218.198
Apr 14 07:23:46,oracle,185.220.101.44
Apr 14 07:26:40,administrator,83.82.134.124
Apr 14 07:26:57,administrator,83.82.134.124
Apr 14 07:28:02,root,5.188.206.22
Apr 14 07:29:50,ubuntu,142.146.24.37
Apr 14 07:29:52,root,142.146.24.37
Apr 14 07:29:54,ubuntu,142.146.24.37
Apr 14 07:29:55,admin,142.146.24.37
Apr 14 07:29:56,ubuntu,142.146.24.37
Apr 14 07:29:57,ubuntu,142.146.24.37
Apr 14 07:29:59,root,142.146.24.37
Apr 14 07:30:02,ubuntu,142.146.24.37
Apr 14 07:32:25,admin,89.248.165.52
Apr 14 07:32:26,root,89.248.165.52
Apr 14 07:32:28,support,89.248.165.52
Apr 14 07:32:30,support,89.248.165.52
Apr 14 07:32:33,admin,89.248.165.52
Apr 14 07:32:34,root,89.248.165.52
Apr 14 07:32:37,root,89.248.165.52
Apr 14 07:32:39,support,89.248.165.52
Apr 14 07:33:18,admin,45.33.32.156
Apr 14 07:34:38,root,61.177.172.140
Apr 14 07:34:43,root,194.26.29.110
Apr 14 07:34:45,ubuntu,194.26.29.110
Apr 14 07:34:48,root,194.26.29.110
Apr 14 07:38:13,www,112.85.42.88
Apr 14 07:39:39,root,142.146.24.37
Apr 14 07:41:03,guest,61.177.172.140
Apr 14 07:41:06,user,61.177.172.140
Apr 14 07:41:08,guest,61.177.172.140
Apr 14 07:41:09,root,61.177.172.140
Apr 14 07:41:12,admin,61.177.172.140
Apr 14 07:41:14,admin,61.177.172.140
Apr 14 07:41:51,ec2-user,192.241.218.198
Apr 14 07:42:59,mysql,103.99.0.118
Apr 14 08:07:36,test,142.146.24.37
Apr 14 08:07:38,root,142.146.24.37
Apr 14 08:07:39,root,142.146.24.37
Apr 14 08:47:45,root,185.220.101.44
Apr 14 08:47:47,oracle,185.220.101.44
Apr 14 08:47:48,root,185.220.101.44
Apr 14 08:47:50,oracle,185.220.101.44
Apr 14 08:47:52,pi,185.220.101.44
Apr 14 08:47:54,pi,185.220.101.44
Apr 14 08:47:57,oracle,185.220.101.44
Apr 14 08:47:58,oracle,185.220.101.44
Apr 14 08:48:00,oracle,185.220.101.44
Apr 14 09:25:06,admin,142.146.24.37
Apr 14 09:25:53,admin,218.92.0.107
Apr 14 09:27:05,root,83.82.134.124
Apr 14 09:27:08,root,83.82.134.124
Apr 14 09:27:10,administrator,83.82.134.124
Apr 14 09:27:12,administrator,83.82.134.124
Apr 14 09:27:14,root,83.82.134.124
Apr 14 09:27:16,root,83.82.134.124
Apr 14 09:27:19,administrator,83.82.134.124
Apr 14 09:27:21,administrator,83.82.134.124
Apr 14 09:27:22,root,83.82.134.124
Apr 14 09:28:49,root,91.205.189.15
Apr 14 09:29:30,test,142.146.24.37
Apr 14 09:31:35,root,83.82.134.124
Apr 14 09:32:10,admin,142.146.24.37
Apr 14 09:32:13,ubuntu,142.146.24.37
Apr 14 09:32:14,ubuntu,142.146.24.37
Apr 14 09:32:17,admin,142.146.24.37
Apr 14 09:32:19,root,142.146.24.37
Apr 14 09:32:21,admin,142.146.24.37
Apr 14 09:32:24,test,142.146.24.37
Apr 14 09:32:25,ubuntu,142.146.24.37
Apr 14 09:56:57,root,45.33.32.156
Apr 14 09:58:20,root,103.99.0.118
Apr 14 09:59:11,root,45.33.32.156
Apr 14 09:59:13,admin,45.33.32.156
Apr 14 09:59:14,admin,45.33.32.156
Apr 14 09:59:17,root,45.33.32.156
Apr 14 09:59:19,root,45.33.32.156
Apr 14 09:59:21,root,45.33.32.156
Apr 14 10:01:50,test,142.146.24.37
Apr 14 10:01:51,ubuntu,142.146.24.37
Apr 14 10:01:53,test,142.146.24.37
Apr 14 10:01:56,admin,142.146.24.37
Apr 14 10:03:40,guest,61.177.172.140
Apr 14 10:06:57,apache,112.85.42.88
Apr 14 10:07:12,root,78.128.113.66
Apr 14 10:07:15,admin,78.128.113.66
Apr 14 10:07:18,admin,78.128.113.66
Apr 14 10:07:20,admin,78.128.113.66
Apr 14 10:07:22,nagios,78.128.113.66
Apr 14 10:51:50,mysql,103.99.0.118
Apr 14 10:52:42,admin,142.146.24.37
Apr 14 10:52:43,root,142.146.24.37
Apr 14 10:52:45,test,142.146.24.37
Apr 14 10:52:47,ubuntu,142.146.24.37
Apr 14 10:52:50,ubuntu,142.146.24.37
Apr 14 10:53:57,root,142.146.24.37
Apr 14 10:55:43,ubuntu,142.146.24.37
Apr 14 10:55:46,admin,142.146.24.37
Apr 14 10:55:47,root,142.146.24.37
Apr 14 10:55:48,test,142.146.24.37
Apr 14 10:55:51,ubuntu,142.146.24.37
Apr 14 10:55:54,admin,142.146.24.37
Apr 14 10:55:55,ubuntu,142.146.24.37
Apr 14 10:55:58,test,142.146.24.37
Apr 14 10:57:30,guest,61.177.172.140
Apr 14 11:03:41,admin,142.146.24.37
Apr 14 11:06:29,admin,142.146.24.37
Apr 14 11:06:31,root,142.146.24.37
Apr 14 11:06:34,admin,142.146.24.37
Apr 14 11:06:37,ubuntu,142.146.24.37
Apr 14 11:06:38,root,142.146.24.37
Apr 14 11:06:41,ubuntu,142.146.24.37
Apr 14 11:06:44,test,142.146.24.37
Apr 14 11:06:46,ubuntu,142.146.24.37
Apr 14 11:07:52,test,218.92.0.107
Apr 14 11:08:17,root,185.220.101.44
Apr 14 11:08:19,oracle,185.220.101.44
Apr 14 11:08:21,root,185.220.101.44
Apr 14 11:08:24,root,185.220.101.44
Apr 14 11:08:25,pi,185.220.101.44
Apr 14 11:08:26,root,185.220.101.44
Apr 14 11:08:29,pi,185.220.101.44
Apr 14 11:08:30,pi,185.220.101.44
Apr 14 11:09:15,test,142.146.24.37
Apr 14 11:11:53,test,142.146.24.37
Apr 14 11:12:58,root,142.146.24.37
Apr 14 11:13:00,ubuntu,142.146.24.37
Apr 14 11:13:03,admin,142.146.24.37
Apr 14 11:13:04,test,142.146.24.37
Apr 14 11:13:07,ubuntu,142.146.24.37
Apr 14 11:37:23,root,185.220.101.44
Apr 14 11:37:26,pi,185.220.101.44
Apr 14 11:37:29,root,185.220.101.44
Apr 14 11:37:31,root,185.220.101.44
Apr 14 11:37:34,pi,185.220.101.44
Apr 14 11:37:37,oracle,185.220.101.44
Apr 14 11:38:20,ubuntu,142.146.24.37
Apr 14 11:40:25,nagios,78.128.113.66
Apr 14 11:40:26,nagios,78.128.113.66
Apr 14 11:40:28,root,78.128.113.66
Apr 14 11:40:29,nagios,78.128.113.66
Apr 14 11:40:30,root,78.128.113.66
Apr 14 11:40:31,admin,78.128.113.66
Apr 14 11:45:04,user,61.177.172.140
Apr 14 11:46:17,deploy,91.205.189.15
Apr 14 11:59:50,test,142.146.24.37
Apr 14 12:18:14,root,218.92.0.107
Apr 14 12:18:29,deploy,91.205.189.15
Apr 14 12:18:31,deploy,91.205.189.15
Apr 14 12:18:34,admin,91.205.189.15
Apr 14 12:18:37,admin,91.205.189.15
Apr 14 12:18:38,jenkins,91.205.189.15
Apr 14 12:18:39,admin,91.205.189.15
Apr 14 12:18:40,jenkins,91.205.189.15
Apr 14 12:20:37,guest,61.177.172.140
Apr 14 12:20:38,admin,61.177.172.140
Apr 14 12:20:39,admin,61.177.172.140
Apr 14 12:20:40,root,61.177.172.140
Apr 14 12:20:42,admin,61.177.172.140
Apr 14 12:20:44,root,61.177.172.140
Apr 14 12:20:47,root,61.177.172.140
Apr 14 12:20:49,user,61.177.172.140
Apr 14 12:20:51,admin,61.177.172.140
Apr 14 12:21:30,admin,142.146.24.37
Apr 14 12:21:31,ubuntu,142.146.24.37
Apr 14 12:21:34,admin,142.146.24.37
Apr 14 12:21:37,test,142.146.24.37
Apr 14 12:22:23,admin,61.177.172.140
Apr 14 12:22:24,guest,61.177.172.140
Apr 14 12:22:26,guest,61.177.172.140
Apr 14 12:22:29,root,61.177.172.140
Apr 14 12:24:02,user,61.177.172.140
Apr 14 12:27:34,www,112.85.42.88
Apr 14 12:27:36,root,112.85.42.88
Apr 14 12:27:39,www,112.85.42.88
Apr 14 12:27:41,apache,112.85.42.88
Apr 14 12:29:25,root,61.177.172.140
Apr 14 12:29:28,admin,61.177.172.140
Apr 14 12:29:29,guest,61.177.172.140
Apr 14 12:29:30,admin,61.177.172.140
Apr 14 12:29:31,user,61.177.172.140
Apr 14 12:29:32,user,61.177.172.140
Apr 14 12:29:35,user,61.177.172.140
Apr 14 12:31:12,root,83.82.134.124
Apr 14 12:31:14,root,83.82.134.124
Apr 14 12:31:15,administrator,83.82.134.124
Apr 14 12:31:16,root,83.82.134.124
Apr 14 12:31:19,administrator,83.82.134.124
Apr 14 12:31:21,administrator,83.82.134.124
Apr 14 12:32:14,admin,61.177.172.140
Apr 14 12:32:16,admin,61.177.172.140
Apr 14 12:32:17,root,61.177.172.140
Apr 14 12:32:20,user,61.177.172.140
Apr 14 12:32:21,admin,61.177.172.140
Apr 14 12:32:23,admin,61.177.172.140
Apr 14 12:32:24,root,61.177.172.140
Apr 14 12:34:22,root,142.146.24.37
Apr 14 12:34:33,test,142.146.24.37
Apr 14 12:36:17,pi,185.220.101.44
Apr 14 12:50:18,admin,61.177.172.140
Apr 14 12:50:21,admin,61.177.172.140
Apr 14 12:50:24,user,61.177.172.140
Apr 14 12:50:27,user,61.177.172.140
Apr 14 12:50:30,user,61.177.172.140
Apr 14 12:50:32,admin,61.177.172.140
Apr 14 12:50:33,admin,61.177.172.140
Apr 14 12:52:12,admin,91.205.189.15
Apr 14 12:52:13,jenkins,91.205.189.15
Apr 14 12:52:16,admin,91.205.189.15
Apr 14 12:52:19,root,91.205.189.15
Apr 14 12:52:22,admin,91.205.189.15
Apr 14 12:52:24,deploy,91.205.189.15
Apr 14 12:52:25,admin,91.205.189.15
Apr 14 12:52:28,jenkins,91.205.189.15
Apr 14 13:18:24,jenkins,91.205.189.15
Apr 14 13:20:00,admin,91.205.189.15
Apr 14 13:20:03,jenkins,91.205.189.15
Apr 14 13:20:05,admin,91.205.189.15
Apr 14 13:20:06,jenkins,91.205.189.15
Apr 14 13:20:09,deploy,91.205.189.15
Apr 14 13:20:11,jenkins,91.205.189.15
Apr 14 13:20:13,admin,91.205.189.15
Apr 14 13:21:20,apache,112.85.42.88
Apr 14 13:21:21,apache,112.85.42.88
Apr 14 13:21:23,root,112.85.42.88
Apr 14 13:21:24,apache,112.85.42.88
Apr 14 13:21:27,www,112.85.42.88
Apr 14 13:21:30,apache,112.85.42.88
Apr 14 13:21:32,apache,112.85.42.88
Apr 14 13:21:35,apache,112.85.42.88
Apr 14 13:21:38,apache,112.85.42.88
Apr 14 13:22:19,admin,218.92.0.107
Apr 14 13:23:01,ubuntu,192.241.218.198
Apr 14 13:23:16,admin,91.205.189.15
Apr 14 13:25:09,nagios,78.128.113.66
Apr 14 13:46:14,admin,218.92.0.107
Apr 14 13:46:15,root,218.92.0.107
Apr 14 13:46:18,admin,218.92.0.107
Apr 14 13:46:19,admin,218.92.0.107
Apr 14 13:46:22,admin,218.92.0.107
Apr 14 13:46:24,root,218.92.0.107
Apr 14 13:46:25,admin,218.92.0.107
Apr 14 13:46:39,mysql,103.99.0.118
Apr 14 13:47:53,admin,61.177.172.140
Apr 14 13:49:13,root,83.82.134.124
Apr 14 13:50:34,root,218.92.0.107
Apr 14 13:51:41,ftpuser,103.99.0.118
Apr 14 13:52:34,root,192.241.218.198
Apr 14 13:52:37,ec2-user,192.241.218.198
Apr 14 13:52:39,ubuntu,192.241.218.198
Apr 14 13:52:41,ubuntu,192.241.218.198
Apr 14 13:52:42,root,192.241.218.198
Apr 14 13:52:44,ec2-user,192.241.218.198
Apr 14 13:53:02,root,91.205.189.15
Apr 14 13:53:03,deploy,91.205.189.15
Apr 14 13:53:04,admin,91.205.189.15
Apr 14 13:53:07,jenkins,91.205.189.15
Apr 14 13:53:09,deploy,91.205.189.15
Apr 14 13:53:10,jenkins,91.205.189.15
Apr 14 13:56:18,ubuntu,192.241.218.198
Apr 14 13:56:20,ec2-user,192.241.218.198
Apr 14 13:56:22,ubuntu,192.241.218.198
Apr 14 13:56:25,ec2-user,192.241.218.198
Apr 14 13:56:28,ec2-user,192.241.218.198
Apr 14 13:56:29,ubuntu,192.241.218.198
Apr 14 14:00:19,test,218.92.0.107
Apr 14 14:00:20,admin,218.92.0.107
Apr 14 14:00:23,test,218.92.0.107
Apr 14 14:00:25,test,218.92.0.107
Apr 14 14:00:27,admin,218.92.0.107
Apr 14 14:00:29,root,218.92.0.107
Apr 14 14:00:32,test,218.92.0.107
Apr 14 14:02:53,oracle,185.220.101.44
Apr 14 14:30:03,user,61.177.172.140
Apr 14 14:30:06,admin,61.177.172.140
Apr 14 14:30:08,admin,61.177.172.140
Apr 14 14:30:10,root,61.177.172.140
Apr 14 14:30:11,root,61.177.172.140
Apr 14 14:30:12,guest,61.177.172.140
Apr 14 14:30:13,user,61.177.172.140
Apr 14 14:31:59,root,142.146.24.37
Apr 14 14:34:06,ftpuser,103.99.0.118
Apr 14 14:35:53,test,142.146.24.37
Apr 14 14:36:23,root,91.205.189.15
Apr 14 14:36:24,root,91.205.189.15
Apr 14 14:36:25,deploy,91.205.189.15
Apr 14 14:36:26,deploy,91.205.189.15
Apr 14 14:36:29,deploy,91.205.189.15
Apr 14 14:36:31,root,91.205.189.15
Apr 14 14:36:33,admin,91.205.189.15
Apr 14 14:36:35,root,91.205.189.15
Apr 14 14:36:55,ubuntu,142.146.24.37
Apr 14 14:36:56,test,142.146.24.37
Apr 14 14:36:59,admin,142.146.24.37
Apr 14 14:37:01,admin,142.146.24.37
Apr 14 14:37:03,root,142.146.24.37
Apr 14 14:37:04,test,142.146.24.37
Apr 14 14:37:06,test,142.146.24.37
Apr 14 14:39:11,root,103.99.0.118
Apr 14 14:39:12,ftpuser,103.99.0.118
Apr 14 14:39:14,mysql,103.99.0.118
Apr 14 14:39:15,ftpuser,103.99.0.118
Apr 14 14:39:17,mysql,103.99.0.118
Apr 14 14:41:58,root,5.188.206.22
Apr 14 14:42:00,root,5.188.206.22
Apr 14 14:42:01,root,5.188.206.22
Apr 14 14:42:04,root,5.188.206.22
Apr 14 14:42:07,root,5.188.206.22
Apr 14 14:43:52,root,142.146.24.37
Apr 14 14:43:53,ubuntu,142.146.24.37
Apr 14 14:43:55,ubuntu,142.146.24.37
Apr 14 14:43:58,root,142.146.24.37
Apr 14 14:44:00,root,142.146.24.37
Apr 14 14:44:01,admin,142.146.24.37
Apr 14 14:44:03,admin,142.146.24.37
Apr 14 14:44:58,ubuntu,192.241.218.198
Apr 14 14:47:20,administrator,83.82.134.124
Apr 14 14:47:23,root,83.82.134.124
Apr 14 14:47:26,administrator,83.82.134.124
Apr 14 14:48:39,root,78.128.113.66
Apr 14 14:49:27,test,142.146.24.37
Apr 14 14:49:38,ubuntu,192.241.218.198
Apr 14 14:50:39,admin,78.128.113.66
Apr 14 15:03:29,root,112.85.42.88
Apr 14 15:03:30,www,112.85.42.88
Apr 14 15:03:31,root,112.85.42.88
Apr 14 15:03:32,apache,112.85.42.88
Apr 14 15:03:34,root,112.85.42.88
Apr 14 15:03:35,www,112.85.42.88
Apr 14 15:03:36,root,112.85.42.88
Apr 14 15:03:37,root,112.85.42.88
Apr 14 15:04:20,root,218.92.0.107
Apr 14 15:04:23,root,218.92.0.107
Apr 14 15:04:25,test,218.92.0.107
Apr 14 15:04:28,root,218.92.0.107
Apr 14 15:04:31,test,218.92.0.107
Apr 14 15:04:32,root,218.92.0.107
Apr 14 15:04:35,test,218.92.0.107
Apr 14 15:32:59,root,112.85.42.88
Apr 14 15:33:30,oracle,185.220.101.44
Apr 14 15:33:31,pi,185.220.101.44
Apr 14 15:33:33,oracle,185.220.101.44
Apr 14 15:33:34,pi,185.220.101.44
Apr 14 15:33:36,oracle,185.220.101.44
Apr 14 15:33:39,root,185.220.101.44
Apr 14 15:33:40,root,185.220.101.44
Apr 14 15:33:42,root,185.220.101.44
Apr 14 15:33:44,oracle,185.220.101.44
Apr 14 15:36:27,ec2-user,192.241.218.198
Apr 14 15:36:30,root,192.241.218.198
Apr 14 15:36:33,ubuntu,192.241.218.198
Apr 14 15:39:42,admin,61.177.172.140
Apr 14 15:40:01,ubuntu,192.241.218.198
Apr 14 15:40:21,root,142.146.24.37
Apr 14 15:40:24,ubuntu,142.146.24.37
Apr 14 15:40:27,ubuntu,142.146.24.37
Apr 14 15:40:28,ubuntu,142.146.24.37
Apr 14 15:40:31,root,142.146.24.37
Apr 14 15:40:34,root,142.146.24.37
Apr 14 15:40:36,root,142.146.24.37
Apr 14 15:41:02,root,83.82.134.124
Apr 14 15:42:22,admin,91.205.189.15
Apr 14 15:46:02,www,112.85.42.88
Apr 14 15:46:22,root,112.85.42.88
Apr 14 15:47:18,pi,185.220.101.44
Apr 14 15:47:20,root,185.220.101.44
Apr 14 15:47:23,pi,185.220.101.44
Apr 14 15:47:25,pi,185.220.101.44
Apr 14 15:47:26,oracle,185.220.101.44
Apr 14 15:47:27,root,185.220.101.44
Apr 14 15:47:28,root,185.220.101.44
Apr 14 15:50:07,guest,61.177.172.140
Apr 14 15:51:05,admin,142.146.24.37
Apr 14 15:51:08,test,142.146.24.37
Apr 14 15:51:10,root,142.146.24.37
Apr 14 15:51:11,test,142.146.24.37
Apr 14 15:51:23,root,78.128.113.66
Apr 14 15:51:25,nagios,78.128.113.66
Apr 14 15:51:27,admin,78.128.113.66
Apr 14 15:51:28,root,78.128.113.66
Apr 14 15:51:29,root,78.128.113.66
Apr 14 15:51:31,admin,78.128.113.66
Apr 14 15:51:33,root,78.128.113.66
Apr 14 15:51:35,root,78.128.113.66
Apr 14 15:51:38,admin,78.128.113.66
Apr 14 15:53:00,root,5.188.206.22
Apr 14 15:53:02,root,5.188.206.22
Apr 14 15:53:03,root,5.188.206.22
Apr 14 15:53:05,root,5.188.206.22
Apr 14 15:53:06,root,5.188.206.22
Apr 14 16:08:32,root,78.128.113.66
Apr 14 16:09:08,root,185.220.101.44
Apr 14 16:10:03,jenkins,91.205.189.15
Apr 14 16:10:43,root,112.85.42.88
Apr 14 16:10:45,www,112.85.42.88
Apr 14 16:10:46,root,112.85.42.88
Apr 14 16:10:48,root,112.85.42.88
Apr 14 16:10:51,root,112.85.42.88
Apr 14 16:16:21,admin,91.205.189.15
Apr 14 16:16:23,root,91.205.189.15
Apr 14 16:16:26,deploy,91.205.189.15
Apr 14 16:16:27,admin,91.205.189.15
Apr 14 16:16:28,deploy,91.205.189.15
Apr 14 16:16:31,root,91.205.189.15
Apr 14 16:16:32,jenkins,91.205.189.15
Apr 14 16:16:33,admin,91.205.189.15
Apr 14 16:16:36,deploy,91.205.189.15
Apr 14 16:20:42,root,185.220.101.44
Apr 14 16:20:44,root,185.220.101.44
Apr 14 16:20:45,root,185.220.101.44
Apr 14 16:20:47,root,185.220.101.44
Apr 14 16:20:50,root,185.220.101.44
Apr 14 16:20:53,pi,185.220.101.44
Apr 14 16:20:56,oracle,185.220.101.44
Apr 14 16:21:44,admin,142.146.24.37
Apr 14 16:50:56,admin,61.177.172.140
Apr 14 16:52:14,nagios,78.128.113.66
Apr 14 16:52:17,root,78.128.113.66
Apr 14 16:52:19,root,78.128.113.66
Apr 14 16:52:20,admin,78.128.113.66
Apr 14 16:52:23,root,78.128.113.66
Apr 14 16:52:26,nagios,78.128.113.66
Apr 14 16:52:27,admin,78.128.113.66
Apr 14 16:52:28,admin,78.128.113.66
Apr 14 16:52:31,root,78.128.113.66
Apr 14 16:54:09,test,142.146.24.37
Apr 14 16:54:10,test,142.146.24.37
Apr 14 16:54:13,admin,142.146.24.37
Apr 14 16:54:14,ubuntu,142.146.24.37
Apr 14 16:54:15,root,142.146.24.37
Apr 14 16:54:17,admin,142.146.24.37
Apr 14 16:59:12,root,112.85.42.88
Apr 14 16:59:14,root,112.85.42.88
Apr 14 16:59:17,apache,112.85.42.88
Apr 14 17:00:31,root,83.82.134.124
Apr 14 17:02:23,root,142.146.24.37
Apr 14 17:15:16,test,142.146.24.37
Apr 14 17:30:26,test,142.146.24.37
Apr 14 17:31:43,root,61.177.172.140
Apr 14 17:56:04,apache,112.85.42.88
Apr 14 18:06:26,test,142.146.24.37
Apr 14 18:37:04,mysql,103.99.0.118
Apr 14 18:39:00,user,61.177.172.140
Apr 14 18:39:03,root,61.177.172.140
Apr 14 18:39:04,guest,61.177.172.140
Apr 14 18:39:06,user,61.177.172.140
Apr 14 18:39:08,user,61.177.172.140
Apr 14 18:39:10,admin,61.177.172.140
Apr 14 18:39:13,user,61.177.172.140
Apr 14 18:41:10,administrator,83.82.134.124
Apr 14 18:41:12,administrator,83.82.134.124
Apr 14 18:41:15,root,83.82.134.124
Apr 14 18:41:16,administrator,83.82.134.124
Apr 14 18:41:18,administrator,83.82.134.124
Apr 14 18:42:45,jenkins,91.205.189.15
Apr 14 18:45:23,administrator,83.82.134.124
Apr 14 18:46:40,admin,142.146.24.37
Apr 14 18:46:42,admin,142.146.24.37
Apr 14 18:46:44,test,142.146.24.37
Apr 14 18:48:16,jenkins,91.205.189.15
Apr 14 18:49:31,ubuntu,142.146.24.37
Apr 14 18:49:33,root,142.146.24.37
Apr 14 18:49:34,admin,142.146.24.37
Apr 14 18:50:05,root,91.205.189.15
Apr 14 18:50:11,admin,142.146.24.37
Apr 14 18:50:13,ubuntu,142.146.24.37
Apr 14 18:50:15,test,142.146.24.37
Apr 14 18:50:17,test,142.146.24.37
Apr 14 18:50:20,ubuntu,142.146.24.37
Apr 14 18:50:23,ubuntu,142.146.24.37
Apr 14 18:50:25,root,142.146.24.37
Apr 14 18:51:51,administrator,83.82.134.124
Apr 14 18:53:51,admin,89.248.165.52
Apr 14 18:55:28,pi,185.220.101.44
Apr 14 18:57:07,admin,61.177.172.140
Apr 14 18:57:10,user,61.177.172.140
Apr 14 18:57:12,guest,61.177.172.140
Apr 14 18:57:15,admin,61.177.172.140
Apr 14 18:57:16,guest,61.177.172.140
Apr 14 18:57:17,guest,61.177.172.140
Apr 14 18:57:19,admin,61.177.172.140
Apr 14 18:59:09,root,83.82.134.124
Apr 14 19:03:05,admin,142.146.24.37
Apr 14 19:03:07,admin,142.146.24.37
Apr 14 19:03:08,root,142.146.24.37
Apr 14 19:03:09,ubuntu,142.146.24.37
Apr 14 19:03:11,ubuntu,142.146.24.37
Apr 14 19:03:12,admin,142.146.24.37
Apr 14 19:03:13,admin,142.146.24.37
Apr 14 19:04:12,admin,78.128.113.66
Apr 14 19:04:13,admin,78.128.113.66
Apr 14 19:04:14,root,78.128.113.66
Apr 14 19:04:17,root,78.128.113.66
Apr 14 19:04:19,admin,78.128.113.66
Apr 14 19:17:21,admin,45.33.32.156
Apr 14 19:20:47,root,83.82.134.124
Apr 14 19:21:13,root,61.177.172.140
Apr 14 19:21:16,root,61.177.172.140
Apr 14 19:21:19,root,61.177.172.140
Apr 14 19:21:20,root,61.177.172.140
Apr 14 19:21:21,guest,61.177.172.140
Apr 14 19:21:22,root,61.177.172.140
Apr 14 19:21:23,guest,61.177.172.140
Apr 14 19:21:45,apache,112.85.42.88
Apr 14 19:21:46,www,112.85.42.88
Apr 14 19:21:48,apache,112.85.42.88
Apr 14 19:21:51,www,112.85.42.88
Apr 14 19:21:54,www,112.85.42.88
Apr 14 19:21:56,www,112.85.42.88
Apr 14 19:21:59,root,112.85.42.88
Apr 14 19:22:02,apache,112.85.42.88
Apr 14 19:22:03,apache,112.85.42.88
Apr 14 19:22:54,admin,78.128.113.66
Apr 14 19:24:50,administrator,83.82.134.124
Apr 14 19:24:51,root,83.82.134.124
Apr 14 19:24:54,root,83.82.134.124
Apr 14 19:24:56,administrator,83.82.134.124
Apr 14 19:24:58,administrator,83.82.134.124
Apr 14 19:25:00,administrator,83.82.134.124
Apr 14 19:25:03,administrator,83.82.134.124
Apr 14 19:25:04,root,83.82.134.124
Apr 14 19:25:05,root,83.82.134.124
Apr 14 19:26:25,ftpuser,103.99.0.118
Apr 14 19:27:48,admin,61.177.172.140
Apr 14 19:27:50,root,61.177.172.140
Apr 14 19:27:52,root,61.177.172.140
Apr 14 19:27:55,admin,61.177.172.140
Apr 14 19:27:57,root,61.177.172.140
Apr 14 19:27:58,user,61.177.172.140
Apr 14 19:29:25,root,5.188.206.22
Apr 14 19:29:27,root,5.188.206.22
Apr 14 19:29:29,root,5.188.206.22
Apr 14 19:29:31,root,5.188.206.22
Apr 14 19:29:34,root,5.188.206.22
Apr 14 19:29:35,root,5.188.206.22
Apr 14 19:29:37,root,5.188.206.22
Apr 14 19:29:39,root,5.188.206.22
Apr 14 19:29:42,root,5.188.206.22
Apr 14 19:55:22,admin,142.146.24.37
Apr 14 20:13:32,root,61.177.172.140
Apr 14 20:15:19,root,45.33.32.156
Apr 14 20:17:27,root,142.146.24.37
Apr 14 20:17:28,ubuntu,142.146.24.37
Apr 14 20:17:29,root,142.146.24.37
Apr 14 20:17:31,admin,142.146.24.37
Apr 14 20:17:34,root,142.146.24.37
Apr 14 20:17:37,test,142.146.24.37
Apr 14 20:17:38,admin,142.146.24.37
Apr 14 20:17:39,test,142.146.24.37
Apr 14 20:17:41,test,142.146.24.37
Apr 14 20:36:46,guest,61.177.172.140
Apr 14 20:39:23,ec2-user,192.241.218.198
Apr 14 21:12:21,root,91.205.189.15
Apr 14 21:12:22,deploy,91.205.189.15
Apr 14 21:12:23,deploy,91.205.189.15
Apr 14 21:12:24,deploy,91.205.189.15
Apr 14 21:12:27,admin,91.205.189.15
Apr 14 21:12:29,admin,91.205.189.15
Apr 14 21:12:32,deploy,91.205.189.15
Apr 14 21:12:34,jenkins,91.205.189.15
Apr 14 21:12:37,deploy,91.205.189.15
Apr 14 21:15:58,ec2-user,192.241.218.198
Apr 14 21:42:43,root,142.146.24.37
Apr 14 21:42:44,admin,142.146.24.37
Apr 14 21:42:45,ubuntu,142.146.24.37
Apr 14 21:42:46,root,142.146.24.37
Apr 14 21:42:49,root,142.146.24.37
Apr 14 21:46:45,root,142.146.24.37
Apr 14 21:47:58,root,83.82.134.124
Apr 14 21:48:01,administrator,83.82.134.124
Apr 14 21:48:04,root,83.82.134.124
Apr 14 21:48:06,root,83.82.134.124
Apr 14 21:49:30,ubuntu,142.146.24.37
Apr 14 21:50:24,root,61.177.172.140
Apr 14 21:52:41,root,112.85.42.88
Apr 14 21:54:20,admin,142.146.24.37
Apr 14 21:54:51,user,61.177.172.140
Apr 14 21:54:52,root,61.177.172.140
Apr 14 21:54:53,root,61.177.172.140
Apr 14 21:54:55,root,61.177.172.140
Apr 14 21:54:57,user,61.177.172.140
Apr 14 21:54:59,user,61.177.172.140
Apr 14 21:55:02,root,61.177.172.140
Apr 14 21:55:05,root,61.177.172.140
Apr 14 21:58:09,user,61.177.172.140
Apr 14 21:59:14,administrator,83.82.134.124
Apr 14 22:00:40,guest,61.177.172.140
Apr 14 22:01:56,test,142.146.24.37
Apr 14 22:01:59,ubuntu,142.146.24.37
Apr 14 22:02:02,admin,142.146.24.37
Apr 14 22:02:05,ubuntu,142.146.24.37
Apr 14 22:06:55,root,83.82.134.124
Apr 14 22:08:40,admin,142.146.24.37
Apr 14 22:08:42,admin,142.146.24.37
Apr 14 22:08:44,test,142.146.24.37
Apr 14 22:08:45,admin,142.146.24.37
Apr 14 22:08:47,ubuntu,142.146.24.37
Apr 14 22:08:50,ubuntu,142.146.24.37
Apr 14 22:08:52,ubuntu,142.146.24.37
Apr 14 22:08:55,root,142.146.24.37
Apr 14 22:11:09,root,83.82.134.124
Apr 14 22:11:12,root,83.82.134.124
Apr 14 22:11:14,root,83.82.134.124
Apr 14 22:11:16,administrator,83.82.134.124
Apr 14 22:11:18,administrator,83.82.134.124
Apr 14 22:11:21,administrator,83.82.134.124
Apr 14 22:11:24,root,83.82.134.124
Apr 14 22:13:11,admin,91.205.189.15
Apr 14 22:14:24,admin,61.177.172.140
Apr 14 22:14:25,guest,61.177.172.140
Apr 14 22:14:27,root,61.177.172.140
Apr 14 22:14:29,root,61.177.172.140
Apr 14 22:14:32,guest,61.177.172.140
Apr 14 22:14:35,admin,61.177.172.140
Apr 14 22:14:37,root,61.177.172.140
Apr 14 22:14:38,user,61.177.172.140
Apr 14 22:15:27,oracle,185.220.101.44
Apr 14 22:15:28,root,185.220.101.44
Apr 14 22:15:29,root,185.220.101.44
Apr 14 22:15:32,oracle,185.220.101.44
Apr 14 22:16:06,root,83.82.134.124
Apr 14 22:17:26,root,5.188.206.22
Apr 14 22:17:51,root,45.33.32.156
Apr 14 22:31:15,ubuntu,192.241.218.198
Apr 14 22:31:18,root,192.241.218.198
Apr 14 22:31:19,ec2-user,192.241.218.198
Apr 14 22:31:20,ec2-user,192.241.218.198
Apr 14 22:31:22,ec2-user,192.241.218.198
Apr 14 22:31:24,ubuntu,192.241.218.198
Apr 14 22:31:54,apache,112.85.42.88
Apr 14 22:32:21,root,192.241.218.198
Apr 14 22:32:41,root,61.177.172.140
Apr 14 22:33:41,root,91.205.189.15
Apr 14 22:33:43,jenkins,91.205.189.15
Apr 14 22:33:46,root,91.205.189.15
Apr 14 22:33:48,admin,91.205.189.15
Apr 14 22:33:50,jenkins,91.205.189.15
Apr 14 22:33:53,root,91.205.189.15
Apr 14 22:33:56,root,91.205.189.15
Apr 14 22:33:59,deploy,91.205.189.15
Apr 14 22:34:00,jenkins,91.205.189.15
Apr 14 22:35:55,administrator,83.82.134.124
Apr 14 22:37:11,jenkins,91.205.189.15
Apr 14 22:42:29,root,218.92.0.107
Apr 14 22:45:16,root,192.241.218.198
Apr 14 22:46:16,administrator,83.82.134.124
Apr 14 23:10:14,ubuntu,142.146.24.37
Apr 14 23:12:56,root,83.82.134.124
Apr 14 23:14:40,user,61.177.172.140
Apr 14 23:14:41,root,61.177.172.140
Apr 14 23:14:44,guest,61.177.172.140
Apr 14 23:14:46,admin,61.177.172.140
Apr 14 23:14:48,user,61.177.172.140
Apr 14 23:14:49,user,61.177.172.140
Apr 14 23:14:50,guest,61.177.172.140
Apr 14 23:14:53,guest,61.177.172.140
Apr 14 23:39:43,oracle,185.220.101.44
Apr 14 23:39:45,oracle,185.220.101.44
Apr 14 23:39:48,oracle,185.220.101.44
Apr 14 23:41:58,root,5.188.206.22
Apr 14 23:43:48,root,103.99.0.118
Apr 14 23:43:50,root,103.99.0.118
Apr 14 23:43:51,ftpuser,103.99.0.118
Apr 14 23:43:54,root,103.99.0.118
Apr 14 23:43:55,root,103.99.0.118
Apr 14 23:43:58,ftpuser,103.99.0.118
Apr 14 23:43:59,root,103.99.0.118
